India	relngo	USA
India	relngo	UK
India	relngo	USA
India	relngo	USA
India	relngo	USA
India	relngo	USA
Indonesia	relngo	USA
Indonesia	relngo	UK
Indonesia	relngo	USA
Indonesia	relngo	USA
Indonesia	relngo	USA
Indonesia	relngo	USA
Israel	relngo	USA
Israel	relngo	UK
Israel	relngo	USA
Israel	relngo	USA
Israel	relngo	USA
Israel	relngo	USA
Burma	relngo	USA
Burma	relngo	UK
Burma	relngo	USA
Burma	relngo	USA
Burma	relngo	USA
Burma	relngo	USA
Netherlands	relngo	USA
Netherlands	relngo	USA
Egypt	relngo	USA
Egypt	relngo	UK
Egypt	relngo	USA
Egypt	relngo	USA
Egypt	relngo	USA
Egypt	relngo	USA
Poland	relngo	USA
Poland	relngo	USA
Brazil	relngo	USA
Brazil	relngo	USA
Jordan	relngo	USA
Jordan	relngo	UK
Jordan	relngo	USA
Jordan	relngo	USA
Jordan	relngo	USA
Jordan	relngo	USA
USSR	relngo	USA
USSR	relngo	USA
China	relngo	USA
China	relngo	USA
Cuba	relngo	USA
Cuba	relngo	USA
Cuba	relngo	USA
UK	relngo	USA
UK	relngo	USA
