Indonesia	relngo	USA
Indonesia	relngo	USA
Indonesia	relngo	UK
Indonesia	relngo	USA
Indonesia	relngo	USA
Indonesia	relngo	USA
Indonesia	relngo	USA
Indonesia	relngo	USA
Indonesia	relngo	USA
Burma	relngo	USA
Burma	relngo	USA
Burma	relngo	UK
Burma	relngo	USA
Burma	relngo	USA
Burma	relngo	USA
Egypt	relngo	USA
Egypt	relngo	USA
Egypt	relngo	UK
Egypt	relngo	USA
Egypt	relngo	USA
Egypt	relngo	USA
Egypt	relngo	USA
Egypt	relngo	USA
Poland	relngo	USA
Poland	relngo	USA
Poland	relngo	USA
Poland	relngo	UK
Poland	relngo	USA
Poland	relngo	USA
Poland	relngo	USA
Poland	relngo	USA
Poland	relngo	USA
Brazil	relngo	USA
Brazil	relngo	USA
Brazil	relngo	UK
Brazil	relngo	USA
Brazil	relngo	USA
Jordan	relngo	USA
Jordan	relngo	UK
Jordan	relngo	USA
USSR	relngo	USA
USSR	relngo	USA
USSR	relngo	USA
USSR	relngo	UK
USSR	relngo	USA
USSR	relngo	USA
USSR	relngo	USA
USSR	relngo	USA
China	relngo	USA
China	relngo	USA
China	relngo	USA
China	relngo	USA
China	relngo	USA
Cuba	relngo	USA
Cuba	relngo	USA
Cuba	relngo	USA
Cuba	relngo	USA
Cuba	relngo	USA
Cuba	relngo	USA
