Acquired_Abnormality	Isa	Anatomical_Structure
Acquired_Abnormality	Isa	Physical_Object
Acquired_Abnormality	Isa	Entity
Acquired_Abnormality	Isa	Physical_Object
Acquired_Abnormality	Isa	Entity
Acquired_Abnormality	Isa	Entity
Age_Group	Isa	Entity
Age_Group	Isa	Conceptual_Entity
Age_Group	Isa	Entity
Alga	Isa	Physical_Object
Alga	Isa	Entity
Alga	Isa	Entity
Alga	Isa	Organism
Alga	Isa	Physical_Object
Alga	Isa	Entity
Amino_Acid_Peptide_or_Protein	Isa	Physical_Object
Amino_Acid_Peptide_or_Protein	Isa	Substance
Amino_Acid_Peptide_or_Protein	Isa	Entity
Amino_Acid_Peptide_or_Protein	Isa	Chemical
Amino_Acid_Peptide_or_Protein	Isa	Physical_Object
Amino_Acid_Peptide_or_Protein	Isa	Substance
Amino_Acid_Peptide_or_Protein	Isa	Entity
Amino_Acid_Peptide_or_Protein	Isa	Chemical
Amino_Acid_Peptide_or_Protein	Isa	Physical_Object
Amino_Acid_Peptide_or_Protein	Isa	Substance
Amino_Acid_Peptide_or_Protein	Isa	Entity
Amino_Acid_Peptide_or_Protein	Isa	Chemical_Viewed_Structurally
Amino_Acid_Peptide_or_Protein	Isa	Entity
Amino_Acid_Peptide_or_Protein	Isa	Physical_Object
Amino_Acid_Peptide_or_Protein	Isa	Entity
Amino_Acid_Sequence	Isa	Entity
Amino_Acid_Sequence	Isa	Conceptual_Entity
Amino_Acid_Sequence	Isa	Entity
Amino_Acid_Sequence	Isa	Conceptual_Entity
Amino_Acid_Sequence	Isa	Spatial_Concept
Amino_Acid_Sequence	Isa	Entity
Amino_Acid_Sequence	Isa	Idea_or_Concept
Amino_Acid_Sequence	Isa	Conceptual_Entity
Amino_Acid_Sequence	Isa	Entity
Amino_Acid_Sequence	Isa	Idea_or_Concept
Amphibian	Isa	Organism
Amphibian	Isa	Physical_Object
Amphibian	Isa	Entity
Amphibian	Isa	Physical_Object
Amphibian	Isa	Entity
Amphibian	Isa	Entity
Amphibian	Isa	Organism
Amphibian	Isa	Physical_Object
Amphibian	Isa	Animal
Amphibian	Isa	Entity
Anatomical_Abnormality	Isa	Physical_Object
Anatomical_Abnormality	Isa	Entity
Anatomical_Abnormality	Isa	Entity
Anatomical_Structure	Isa	Entity
Animal	Isa	Physical_Object
Animal	Isa	Entity
Animal	Isa	Entity
Antibiotic	Isa	Physical_Object
Antibiotic	Isa	Substance
Antibiotic	Isa	Entity
Antibiotic	Isa	Chemical
Antibiotic	Isa	Physical_Object
Antibiotic	Isa	Substance
Antibiotic	Isa	Entity
Antibiotic	Isa	Chemical
Antibiotic	Isa	Chemical_Viewed_Functionally
Antibiotic	Isa	Physical_Object
Antibiotic	Isa	Substance
Antibiotic	Isa	Entity
Antibiotic	Isa	Entity
Antibiotic	Isa	Physical_Object
Antibiotic	Isa	Entity
Archaeon	Isa	Physical_Object
Archaeon	Isa	Entity
Archaeon	Isa	Entity
Bacterium	Isa	Physical_Object
Bacterium	Isa	Entity
Bacterium	Isa	Entity
Behavior	Isa	Event
Biologic_Function	Isa	Phenomenon_or_Process
Biologic_Function	Isa	Event
Biologic_Function	Isa	Event
Biologically_Active_Substance	Isa	Physical_Object
Biologically_Active_Substance	Isa	Substance
Biologically_Active_Substance	Isa	Entity
Biologically_Active_Substance	Isa	Chemical
Biologically_Active_Substance	Isa	Physical_Object
Biologically_Active_Substance	Isa	Substance
Biologically_Active_Substance	Isa	Entity
Biologically_Active_Substance	Isa	Entity
Biologically_Active_Substance	Isa	Physical_Object
Biologically_Active_Substance	Isa	Entity
Biomedical_Occupation_or_Discipline	Isa	Entity
Biomedical_Occupation_or_Discipline	Isa	Conceptual_Entity
Biomedical_Occupation_or_Discipline	Isa	Entity
Biomedical_or_Dental_Material	Isa	Physical_Object
Biomedical_or_Dental_Material	Isa	Substance
Biomedical_or_Dental_Material	Isa	Entity
Biomedical_or_Dental_Material	Isa	Chemical
Biomedical_or_Dental_Material	Isa	Physical_Object
Biomedical_or_Dental_Material	Isa	Substance
Biomedical_or_Dental_Material	Isa	Entity
Biomedical_or_Dental_Material	Isa	Entity
Biomedical_or_Dental_Material	Isa	Physical_Object
Biomedical_or_Dental_Material	Isa	Entity
Bird	Isa	Organism
Bird	Isa	Physical_Object
Bird	Isa	Entity
Bird	Isa	Physical_Object
Bird	Isa	Entity
Bird	Isa	Entity
Bird	Isa	Organism
Bird	Isa	Physical_Object
Bird	Isa	Animal
Bird	Isa	Entity
Body_Location_or_Region	Isa	Entity
Body_Location_or_Region	Isa	Conceptual_Entity
Body_Location_or_Region	Isa	Entity
Body_Location_or_Region	Isa	Conceptual_Entity
Body_Location_or_Region	Isa	Entity
Body_Location_or_Region	Isa	Idea_or_Concept
Body_Part_Organ_or_Organ_Component	Isa	Physical_Object
Body_Part_Organ_or_Organ_Component	Isa	Entity
Body_Part_Organ_or_Organ_Component	Isa	Anatomical_Structure
Body_Part_Organ_or_Organ_Component	Isa	Physical_Object
Body_Part_Organ_or_Organ_Component	Isa	Entity
Body_Part_Organ_or_Organ_Component	Isa	Entity
Body_Space_or_Junction	Isa	Entity
Body_Space_or_Junction	Isa	Conceptual_Entity
Body_Space_or_Junction	Isa	Entity
Body_Space_or_Junction	Isa	Conceptual_Entity
Body_Space_or_Junction	Isa	Entity
Body_Space_or_Junction	Isa	Idea_or_Concept
Body_Substance	Isa	Entity
Body_Substance	Isa	Physical_Object
Body_Substance	Isa	Entity
Body_System	Isa	Entity
Body_System	Isa	Conceptual_Entity
Body_System	Isa	Entity
Body_System	Isa	Idea_or_Concept
Body_System	Isa	Conceptual_Entity
Body_System	Isa	Entity
Carbohydrate	Isa	Physical_Object
Carbohydrate	Isa	Substance
Carbohydrate	Isa	Entity
Carbohydrate	Isa	Chemical
Carbohydrate	Isa	Physical_Object
Carbohydrate	Isa	Substance
Carbohydrate	Isa	Entity
Carbohydrate	Isa	Chemical
Carbohydrate	Isa	Physical_Object
Carbohydrate	Isa	Substance
Carbohydrate	Isa	Entity
Carbohydrate	Isa	Chemical_Viewed_Structurally
Carbohydrate	Isa	Entity
Carbohydrate	Isa	Physical_Object
Carbohydrate	Isa	Entity
Carbohydrate_Sequence	Isa	Entity
Carbohydrate_Sequence	Isa	Conceptual_Entity
Carbohydrate_Sequence	Isa	Entity
Carbohydrate_Sequence	Isa	Conceptual_Entity
Carbohydrate_Sequence	Isa	Spatial_Concept
Carbohydrate_Sequence	Isa	Entity
Carbohydrate_Sequence	Isa	Idea_or_Concept
Carbohydrate_Sequence	Isa	Conceptual_Entity
Carbohydrate_Sequence	Isa	Entity
Carbohydrate_Sequence	Isa	Idea_or_Concept
Cell	Isa	Physical_Object
Cell	Isa	Entity
Cell	Isa	Anatomical_Structure
Cell	Isa	Physical_Object
Cell	Isa	Entity
Cell	Isa	Entity
Cell_Component	Isa	Physical_Object
Cell_Component	Isa	Entity
Cell_Component	Isa	Anatomical_Structure
Cell_Component	Isa	Physical_Object
Cell_Component	Isa	Entity
Cell_Component	Isa	Entity
Cell_Function	Isa	Natural_Phenomenon_or_Process
Cell_Function	Isa	Phenomenon_or_Process
Cell_Function	Isa	Event
Cell_Function	Isa	Phenomenon_or_Process
Cell_Function	Isa	Event
Cell_Function	Isa	Event
Cell_Function	Isa	Natural_Phenomenon_or_Process
Cell_Function	Isa	Biologic_Function
Cell_Function	Isa	Phenomenon_or_Process
Cell_Function	Isa	Event
Cell_or_Molecular_Dysfunction	Isa	Natural_Phenomenon_or_Process
Cell_or_Molecular_Dysfunction	Isa	Phenomenon_or_Process
Cell_or_Molecular_Dysfunction	Isa	Event
Cell_or_Molecular_Dysfunction	Isa	Phenomenon_or_Process
Cell_or_Molecular_Dysfunction	Isa	Event
Cell_or_Molecular_Dysfunction	Isa	Natural_Phenomenon_or_Process
Cell_or_Molecular_Dysfunction	Isa	Biologic_Function
Cell_or_Molecular_Dysfunction	Isa	Phenomenon_or_Process
Cell_or_Molecular_Dysfunction	Isa	Event
Cell_or_Molecular_Dysfunction	Isa	Event
Chemical	Isa	Entity
Chemical	Isa	Physical_Object
Chemical	Isa	Entity
Chemical_Viewed_Functionally	Isa	Physical_Object
Chemical_Viewed_Functionally	Isa	Substance
Chemical_Viewed_Functionally	Isa	Entity
Chemical_Viewed_Functionally	Isa	Entity
Chemical_Viewed_Functionally	Isa	Physical_Object
Chemical_Viewed_Functionally	Isa	Entity
Chemical_Viewed_Structurally	Isa	Physical_Object
Chemical_Viewed_Structurally	Isa	Substance
Chemical_Viewed_Structurally	Isa	Entity
Chemical_Viewed_Structurally	Isa	Entity
Chemical_Viewed_Structurally	Isa	Physical_Object
Chemical_Viewed_Structurally	Isa	Entity
Classification	Isa	Entity
Classification	Isa	Conceptual_Entity
Classification	Isa	Entity
Clinical_Attribute	Isa	Entity
Clinical_Attribute	Isa	Conceptual_Entity
Clinical_Attribute	Isa	Entity
Clinical_Drug	Isa	Physical_Object
Clinical_Drug	Isa	Entity
Clinical_Drug	Isa	Entity
Congenital_Abnormality	Isa	Anatomical_Structure
Congenital_Abnormality	Isa	Physical_Object
Congenital_Abnormality	Isa	Entity
Congenital_Abnormality	Isa	Physical_Object
Congenital_Abnormality	Isa	Entity
Congenital_Abnormality	Isa	Entity
Daily_or_Recreational_Activity	Isa	Event
Diagnostic_Procedure	Isa	Event
Diagnostic_Procedure	Isa	Occupational_Activity
Diagnostic_Procedure	Isa	Activity
Diagnostic_Procedure	Isa	Event
Diagnostic_Procedure	Isa	Activity
Diagnostic_Procedure	Isa	Event
Disease_or_Syndrome	Isa	Natural_Phenomenon_or_Process
Disease_or_Syndrome	Isa	Phenomenon_or_Process
Disease_or_Syndrome	Isa	Event
Disease_or_Syndrome	Isa	Phenomenon_or_Process
Disease_or_Syndrome	Isa	Event
Disease_or_Syndrome	Isa	Natural_Phenomenon_or_Process
Disease_or_Syndrome	Isa	Biologic_Function
Disease_or_Syndrome	Isa	Phenomenon_or_Process
Disease_or_Syndrome	Isa	Event
Disease_or_Syndrome	Isa	Event
Drug_Delivery_Device	Isa	Physical_Object
Drug_Delivery_Device	Isa	Entity
Drug_Delivery_Device	Isa	Manufactured_Object
Drug_Delivery_Device	Isa	Physical_Object
Drug_Delivery_Device	Isa	Entity
Drug_Delivery_Device	Isa	Entity
Educational_Activity	Isa	Event
Educational_Activity	Isa	Activity
Educational_Activity	Isa	Event
Eicosanoid	Isa	Physical_Object
Eicosanoid	Isa	Substance
Eicosanoid	Isa	Entity
Eicosanoid	Isa	Chemical
Eicosanoid	Isa	Physical_Object
Eicosanoid	Isa	Substance
Eicosanoid	Isa	Entity
Eicosanoid	Isa	Organic_Chemical
Eicosanoid	Isa	Chemical
Eicosanoid	Isa	Physical_Object
Eicosanoid	Isa	Substance
Eicosanoid	Isa	Entity
Eicosanoid	Isa	Chemical_Viewed_Structurally
Eicosanoid	Isa	Chemical
Eicosanoid	Isa	Physical_Object
Eicosanoid	Isa	Substance
Eicosanoid	Isa	Entity
Eicosanoid	Isa	Chemical_Viewed_Structurally
Eicosanoid	Isa	Entity
Eicosanoid	Isa	Physical_Object
Eicosanoid	Isa	Entity
Element_Ion_or_Isotope	Isa	Physical_Object
Element_Ion_or_Isotope	Isa	Substance
Element_Ion_or_Isotope	Isa	Entity
Element_Ion_or_Isotope	Isa	Chemical
Element_Ion_or_Isotope	Isa	Physical_Object
Element_Ion_or_Isotope	Isa	Substance
Element_Ion_or_Isotope	Isa	Entity
Element_Ion_or_Isotope	Isa	Entity
Element_Ion_or_Isotope	Isa	Physical_Object
Element_Ion_or_Isotope	Isa	Entity
Embryonic_Structure	Isa	Physical_Object
Embryonic_Structure	Isa	Entity
Embryonic_Structure	Isa	Entity
Environmental_Effect_of_Humans	Isa	Phenomenon_or_Process
Environmental_Effect_of_Humans	Isa	Event
Environmental_Effect_of_Humans	Isa	Event
Enzyme	Isa	Chemical
Enzyme	Isa	Chemical_Viewed_Functionally
Enzyme	Isa	Physical_Object
Enzyme	Isa	Substance
Enzyme	Isa	Entity
Enzyme	Isa	Physical_Object
Enzyme	Isa	Substance
Enzyme	Isa	Entity
Enzyme	Isa	Chemical
Enzyme	Isa	Physical_Object
Enzyme	Isa	Substance
Enzyme	Isa	Entity
Enzyme	Isa	Entity
Enzyme	Isa	Physical_Object
Enzyme	Isa	Entity
Experimental_Model_of_Disease	Isa	Natural_Phenomenon_or_Process
Experimental_Model_of_Disease	Isa	Phenomenon_or_Process
Experimental_Model_of_Disease	Isa	Event
Experimental_Model_of_Disease	Isa	Phenomenon_or_Process
Experimental_Model_of_Disease	Isa	Event
Experimental_Model_of_Disease	Isa	Natural_Phenomenon_or_Process
Experimental_Model_of_Disease	Isa	Biologic_Function
Experimental_Model_of_Disease	Isa	Phenomenon_or_Process
Experimental_Model_of_Disease	Isa	Event
Experimental_Model_of_Disease	Isa	Event
Family_Group	Isa	Entity
Family_Group	Isa	Conceptual_Entity
Family_Group	Isa	Entity
Finding	Isa	Entity
Fish	Isa	Organism
Fish	Isa	Physical_Object
Fish	Isa	Entity
Fish	Isa	Physical_Object
Fish	Isa	Entity
Fish	Isa	Entity
Fish	Isa	Organism
Fish	Isa	Physical_Object
Fish	Isa	Animal
Fish	Isa	Entity
Food	Isa	Entity
Food	Isa	Physical_Object
Food	Isa	Entity
Fully_Formed_Anatomical_Structure	Isa	Physical_Object
Fully_Formed_Anatomical_Structure	Isa	Entity
Fully_Formed_Anatomical_Structure	Isa	Entity
Functional_Concept	Isa	Entity
Functional_Concept	Isa	Conceptual_Entity
Functional_Concept	Isa	Entity
Fungus	Isa	Physical_Object
Fungus	Isa	Entity
Fungus	Isa	Entity
Gene_or_Genome	Isa	Physical_Object
Gene_or_Genome	Isa	Entity
Gene_or_Genome	Isa	Anatomical_Structure
Gene_or_Genome	Isa	Physical_Object
Gene_or_Genome	Isa	Entity
Gene_or_Genome	Isa	Entity
Genetic_Function	Isa	Natural_Phenomenon_or_Process
Genetic_Function	Isa	Phenomenon_or_Process
Genetic_Function	Isa	Event
Genetic_Function	Isa	Natural_Phenomenon_or_Process
Genetic_Function	Isa	Biologic_Function
Genetic_Function	Isa	Phenomenon_or_Process
Genetic_Function	Isa	Event
Genetic_Function	Isa	Physiologic_Function
Genetic_Function	Isa	Phenomenon_or_Process
Genetic_Function	Isa	Event
Genetic_Function	Isa	Event
Genetic_Function	Isa	Natural_Phenomenon_or_Process
Genetic_Function	Isa	Biologic_Function
Genetic_Function	Isa	Phenomenon_or_Process
Genetic_Function	Isa	Event
Geographic_Area	Isa	Entity
Geographic_Area	Isa	Conceptual_Entity
Geographic_Area	Isa	Entity
Geographic_Area	Isa	Conceptual_Entity
Geographic_Area	Isa	Entity
Geographic_Area	Isa	Idea_or_Concept
Governmental_or_Regulatory_Activity	Isa	Event
Governmental_or_Regulatory_Activity	Isa	Activity
Governmental_or_Regulatory_Activity	Isa	Event
Group	Isa	Entity
Group_Attribute	Isa	Entity
Hazardous_or_Poisonous_Substance	Isa	Physical_Object
Hazardous_or_Poisonous_Substance	Isa	Substance
Hazardous_or_Poisonous_Substance	Isa	Entity
Hazardous_or_Poisonous_Substance	Isa	Chemical
Hazardous_or_Poisonous_Substance	Isa	Physical_Object
Hazardous_or_Poisonous_Substance	Isa	Substance
Hazardous_or_Poisonous_Substance	Isa	Entity
Hazardous_or_Poisonous_Substance	Isa	Entity
Hazardous_or_Poisonous_Substance	Isa	Physical_Object
Hazardous_or_Poisonous_Substance	Isa	Entity
Health_Care_Activity	Isa	Event
Health_Care_Activity	Isa	Activity
Health_Care_Activity	Isa	Event
Health_Care_Related_Organization	Isa	Entity
Health_Care_Related_Organization	Isa	Conceptual_Entity
Health_Care_Related_Organization	Isa	Entity
Hormone	Isa	Chemical
Hormone	Isa	Chemical_Viewed_Functionally
Hormone	Isa	Physical_Object
Hormone	Isa	Substance
Hormone	Isa	Entity
Hormone	Isa	Physical_Object
Hormone	Isa	Substance
Hormone	Isa	Entity
Hormone	Isa	Chemical
Hormone	Isa	Physical_Object
Hormone	Isa	Substance
Hormone	Isa	Entity
Hormone	Isa	Entity
Hormone	Isa	Physical_Object
Hormone	Isa	Entity
Human	Isa	Organism
Human	Isa	Physical_Object
Human	Isa	Entity
Human	Isa	Organism
Human	Isa	Vertebrate
Human	Isa	Physical_Object
Human	Isa	Animal
Human	Isa	Entity
Human	Isa	Physical_Object
Human	Isa	Entity
Human	Isa	Entity
Human	Isa	Organism
Human	Isa	Physical_Object
Human	Isa	Animal
Human	Isa	Entity
Human_caused_Phenomenon_or_Process	Isa	Event
Idea_or_Concept	Isa	Entity
Immunologic_Factor	Isa	Chemical
Immunologic_Factor	Isa	Chemical_Viewed_Functionally
Immunologic_Factor	Isa	Physical_Object
Immunologic_Factor	Isa	Substance
Immunologic_Factor	Isa	Entity
Immunologic_Factor	Isa	Physical_Object
Immunologic_Factor	Isa	Substance
Immunologic_Factor	Isa	Entity
Immunologic_Factor	Isa	Chemical
Immunologic_Factor	Isa	Physical_Object
Immunologic_Factor	Isa	Substance
Immunologic_Factor	Isa	Entity
Immunologic_Factor	Isa	Entity
Immunologic_Factor	Isa	Physical_Object
Immunologic_Factor	Isa	Entity
Indicator_Reagent_or_Diagnostic_Aid	Isa	Physical_Object
Indicator_Reagent_or_Diagnostic_Aid	Isa	Substance
Indicator_Reagent_or_Diagnostic_Aid	Isa	Entity
Indicator_Reagent_or_Diagnostic_Aid	Isa	Chemical
Indicator_Reagent_or_Diagnostic_Aid	Isa	Physical_Object
Indicator_Reagent_or_Diagnostic_Aid	Isa	Substance
Indicator_Reagent_or_Diagnostic_Aid	Isa	Entity
Indicator_Reagent_or_Diagnostic_Aid	Isa	Entity
Indicator_Reagent_or_Diagnostic_Aid	Isa	Physical_Object
Indicator_Reagent_or_Diagnostic_Aid	Isa	Entity
Individual_Behavior	Isa	Event
Individual_Behavior	Isa	Activity
Individual_Behavior	Isa	Event
Injury_or_Poisoning	Isa	Event
Inorganic_Chemical	Isa	Physical_Object
Inorganic_Chemical	Isa	Substance
Inorganic_Chemical	Isa	Entity
Inorganic_Chemical	Isa	Chemical
Inorganic_Chemical	Isa	Physical_Object
Inorganic_Chemical	Isa	Substance
Inorganic_Chemical	Isa	Entity
Inorganic_Chemical	Isa	Entity
Inorganic_Chemical	Isa	Physical_Object
Inorganic_Chemical	Isa	Entity
Intellectual_Product	Isa	Entity
Invertebrate	Isa	Organism
Invertebrate	Isa	Physical_Object
Invertebrate	Isa	Entity
Invertebrate	Isa	Physical_Object
Invertebrate	Isa	Entity
Invertebrate	Isa	Entity
Laboratory_Procedure	Isa	Event
Laboratory_Procedure	Isa	Occupational_Activity
Laboratory_Procedure	Isa	Activity
Laboratory_Procedure	Isa	Event
Laboratory_Procedure	Isa	Activity
Laboratory_Procedure	Isa	Event
Laboratory_or_Test_Result	Isa	Entity
Laboratory_or_Test_Result	Isa	Conceptual_Entity
Laboratory_or_Test_Result	Isa	Entity
Language	Isa	Entity
Lipid	Isa	Physical_Object
Lipid	Isa	Substance
Lipid	Isa	Entity
Lipid	Isa	Chemical
Lipid	Isa	Physical_Object
Lipid	Isa	Substance
Lipid	Isa	Entity
Lipid	Isa	Chemical
Lipid	Isa	Physical_Object
Lipid	Isa	Substance
Lipid	Isa	Entity
Lipid	Isa	Chemical_Viewed_Structurally
Lipid	Isa	Entity
Lipid	Isa	Physical_Object
Lipid	Isa	Entity
Machine_Activity	Isa	Event
Mammal	Isa	Organism
Mammal	Isa	Physical_Object
Mammal	Isa	Entity
Mammal	Isa	Physical_Object
Mammal	Isa	Entity
Mammal	Isa	Entity
Mammal	Isa	Organism
Mammal	Isa	Physical_Object
Mammal	Isa	Animal
Mammal	Isa	Entity
Manufactured_Object	Isa	Entity
Medical_Device	Isa	Physical_Object
Medical_Device	Isa	Entity
Medical_Device	Isa	Entity
Mental_Process	Isa	Natural_Phenomenon_or_Process
Mental_Process	Isa	Phenomenon_or_Process
Mental_Process	Isa	Event
Mental_Process	Isa	Phenomenon_or_Process
Mental_Process	Isa	Event
Mental_Process	Isa	Natural_Phenomenon_or_Process
Mental_Process	Isa	Biologic_Function
Mental_Process	Isa	Phenomenon_or_Process
Mental_Process	Isa	Event
Mental_Process	Isa	Physiologic_Function
Mental_Process	Isa	Event
Mental_Process	Isa	Natural_Phenomenon_or_Process
Mental_Process	Isa	Biologic_Function
Mental_Process	Isa	Phenomenon_or_Process
Mental_Process	Isa	Event
Mental_or_Behavioral_Dysfunction	Isa	Natural_Phenomenon_or_Process
Mental_or_Behavioral_Dysfunction	Isa	Phenomenon_or_Process
Mental_or_Behavioral_Dysfunction	Isa	Event
Mental_or_Behavioral_Dysfunction	Isa	Natural_Phenomenon_or_Process
Mental_or_Behavioral_Dysfunction	Isa	Biologic_Function
Mental_or_Behavioral_Dysfunction	Isa	Pathologic_Function
Mental_or_Behavioral_Dysfunction	Isa	Phenomenon_or_Process
Mental_or_Behavioral_Dysfunction	Isa	Event
Mental_or_Behavioral_Dysfunction	Isa	Phenomenon_or_Process
Mental_or_Behavioral_Dysfunction	Isa	Event
Mental_or_Behavioral_Dysfunction	Isa	Natural_Phenomenon_or_Process
Mental_or_Behavioral_Dysfunction	Isa	Biologic_Function
Mental_or_Behavioral_Dysfunction	Isa	Phenomenon_or_Process
Mental_or_Behavioral_Dysfunction	Isa	Event
Mental_or_Behavioral_Dysfunction	Isa	Event
Molecular_Biology_Research_Technique	Isa	Event
Molecular_Biology_Research_Technique	Isa	Activity
Molecular_Biology_Research_Technique	Isa	Event
Molecular_Biology_Research_Technique	Isa	Occupational_Activity
Molecular_Biology_Research_Technique	Isa	Activity
Molecular_Biology_Research_Technique	Isa	Event
Molecular_Function	Isa	Natural_Phenomenon_or_Process
Molecular_Function	Isa	Phenomenon_or_Process
Molecular_Function	Isa	Event
Molecular_Function	Isa	Phenomenon_or_Process
Molecular_Function	Isa	Event
Molecular_Function	Isa	Event
Molecular_Function	Isa	Natural_Phenomenon_or_Process
Molecular_Function	Isa	Biologic_Function
Molecular_Function	Isa	Phenomenon_or_Process
Molecular_Function	Isa	Event
Molecular_Sequence	Isa	Entity
Molecular_Sequence	Isa	Conceptual_Entity
Molecular_Sequence	Isa	Entity
Molecular_Sequence	Isa	Conceptual_Entity
Molecular_Sequence	Isa	Entity
Molecular_Sequence	Isa	Idea_or_Concept
Natural_Phenomenon_or_Process	Isa	Event
Neoplastic_Process	Isa	Natural_Phenomenon_or_Process
Neoplastic_Process	Isa	Phenomenon_or_Process
Neoplastic_Process	Isa	Event
Neoplastic_Process	Isa	Natural_Phenomenon_or_Process
Neoplastic_Process	Isa	Biologic_Function
Neoplastic_Process	Isa	Pathologic_Function
Neoplastic_Process	Isa	Phenomenon_or_Process
Neoplastic_Process	Isa	Event
Neoplastic_Process	Isa	Phenomenon_or_Process
Neoplastic_Process	Isa	Event
Neoplastic_Process	Isa	Natural_Phenomenon_or_Process
Neoplastic_Process	Isa	Biologic_Function
Neoplastic_Process	Isa	Phenomenon_or_Process
Neoplastic_Process	Isa	Event
Neoplastic_Process	Isa	Event
Neuroreactive_Substance_or_Biogenic_Amine	Isa	Chemical
Neuroreactive_Substance_or_Biogenic_Amine	Isa	Chemical_Viewed_Functionally
Neuroreactive_Substance_or_Biogenic_Amine	Isa	Physical_Object
Neuroreactive_Substance_or_Biogenic_Amine	Isa	Substance
Neuroreactive_Substance_or_Biogenic_Amine	Isa	Entity
Neuroreactive_Substance_or_Biogenic_Amine	Isa	Physical_Object
Neuroreactive_Substance_or_Biogenic_Amine	Isa	Substance
Neuroreactive_Substance_or_Biogenic_Amine	Isa	Entity
Neuroreactive_Substance_or_Biogenic_Amine	Isa	Chemical
Neuroreactive_Substance_or_Biogenic_Amine	Isa	Physical_Object
Neuroreactive_Substance_or_Biogenic_Amine	Isa	Substance
Neuroreactive_Substance_or_Biogenic_Amine	Isa	Entity
Neuroreactive_Substance_or_Biogenic_Amine	Isa	Entity
Neuroreactive_Substance_or_Biogenic_Amine	Isa	Physical_Object
Neuroreactive_Substance_or_Biogenic_Amine	Isa	Entity
Nucleic_Acid_Nucleoside_or_Nucleotide	Isa	Physical_Object
Nucleic_Acid_Nucleoside_or_Nucleotide	Isa	Substance
Nucleic_Acid_Nucleoside_or_Nucleotide	Isa	Entity
Nucleic_Acid_Nucleoside_or_Nucleotide	Isa	Chemical
Nucleic_Acid_Nucleoside_or_Nucleotide	Isa	Physical_Object
Nucleic_Acid_Nucleoside_or_Nucleotide	Isa	Substance
Nucleic_Acid_Nucleoside_or_Nucleotide	Isa	Entity
Nucleic_Acid_Nucleoside_or_Nucleotide	Isa	Chemical
Nucleic_Acid_Nucleoside_or_Nucleotide	Isa	Physical_Object
Nucleic_Acid_Nucleoside_or_Nucleotide	Isa	Substance
Nucleic_Acid_Nucleoside_or_Nucleotide	Isa	Entity
Nucleic_Acid_Nucleoside_or_Nucleotide	Isa	Chemical_Viewed_Structurally
Nucleic_Acid_Nucleoside_or_Nucleotide	Isa	Entity
Nucleic_Acid_Nucleoside_or_Nucleotide	Isa	Physical_Object
Nucleic_Acid_Nucleoside_or_Nucleotide	Isa	Entity
Nucleotide_Sequence	Isa	Entity
Nucleotide_Sequence	Isa	Conceptual_Entity
Nucleotide_Sequence	Isa	Entity
Nucleotide_Sequence	Isa	Conceptual_Entity
Nucleotide_Sequence	Isa	Spatial_Concept
Nucleotide_Sequence	Isa	Entity
Nucleotide_Sequence	Isa	Idea_or_Concept
Nucleotide_Sequence	Isa	Conceptual_Entity
Nucleotide_Sequence	Isa	Entity
Nucleotide_Sequence	Isa	Idea_or_Concept
Occupation_or_Discipline	Isa	Entity
Occupational_Activity	Isa	Event
Organ_or_Tissue_Function	Isa	Natural_Phenomenon_or_Process
Organ_or_Tissue_Function	Isa	Phenomenon_or_Process
Organ_or_Tissue_Function	Isa	Event
Organ_or_Tissue_Function	Isa	Phenomenon_or_Process
Organ_or_Tissue_Function	Isa	Event
Organ_or_Tissue_Function	Isa	Event
Organ_or_Tissue_Function	Isa	Natural_Phenomenon_or_Process
Organ_or_Tissue_Function	Isa	Biologic_Function
Organ_or_Tissue_Function	Isa	Phenomenon_or_Process
Organ_or_Tissue_Function	Isa	Event
Organic_Chemical	Isa	Physical_Object
Organic_Chemical	Isa	Substance
Organic_Chemical	Isa	Entity
Organic_Chemical	Isa	Chemical
Organic_Chemical	Isa	Physical_Object
Organic_Chemical	Isa	Substance
Organic_Chemical	Isa	Entity
Organic_Chemical	Isa	Entity
Organic_Chemical	Isa	Physical_Object
Organic_Chemical	Isa	Entity
Organism	Isa	Entity
Organism_Attribute	Isa	Entity
Organism_Function	Isa	Natural_Phenomenon_or_Process
Organism_Function	Isa	Phenomenon_or_Process
Organism_Function	Isa	Event
Organism_Function	Isa	Phenomenon_or_Process
Organism_Function	Isa	Event
Organism_Function	Isa	Event
Organism_Function	Isa	Natural_Phenomenon_or_Process
Organism_Function	Isa	Biologic_Function
Organism_Function	Isa	Phenomenon_or_Process
Organism_Function	Isa	Event
Organization	Isa	Entity
Organophosphorus_Compound	Isa	Physical_Object
Organophosphorus_Compound	Isa	Substance
Organophosphorus_Compound	Isa	Entity
Organophosphorus_Compound	Isa	Chemical
Organophosphorus_Compound	Isa	Physical_Object
Organophosphorus_Compound	Isa	Substance
Organophosphorus_Compound	Isa	Entity
Organophosphorus_Compound	Isa	Chemical
Organophosphorus_Compound	Isa	Physical_Object
Organophosphorus_Compound	Isa	Substance
Organophosphorus_Compound	Isa	Entity
Organophosphorus_Compound	Isa	Chemical_Viewed_Structurally
Organophosphorus_Compound	Isa	Entity
Organophosphorus_Compound	Isa	Physical_Object
Organophosphorus_Compound	Isa	Entity
Pathologic_Function	Isa	Natural_Phenomenon_or_Process
Pathologic_Function	Isa	Phenomenon_or_Process
Pathologic_Function	Isa	Event
Pathologic_Function	Isa	Phenomenon_or_Process
Pathologic_Function	Isa	Event
Pathologic_Function	Isa	Event
Patient_or_Disabled_Group	Isa	Entity
Patient_or_Disabled_Group	Isa	Conceptual_Entity
Patient_or_Disabled_Group	Isa	Entity
Pharmacologic_Substance	Isa	Physical_Object
Pharmacologic_Substance	Isa	Substance
Pharmacologic_Substance	Isa	Entity
Pharmacologic_Substance	Isa	Chemical
Pharmacologic_Substance	Isa	Physical_Object
Pharmacologic_Substance	Isa	Substance
Pharmacologic_Substance	Isa	Entity
Pharmacologic_Substance	Isa	Entity
Pharmacologic_Substance	Isa	Physical_Object
Pharmacologic_Substance	Isa	Entity
Physiologic_Function	Isa	Natural_Phenomenon_or_Process
Physiologic_Function	Isa	Phenomenon_or_Process
Physiologic_Function	Isa	Event
Physiologic_Function	Isa	Phenomenon_or_Process
Physiologic_Function	Isa	Event
Physiologic_Function	Isa	Event
Plant	Isa	Physical_Object
Plant	Isa	Entity
Plant	Isa	Entity
Population_Group	Isa	Entity
Population_Group	Isa	Conceptual_Entity
Population_Group	Isa	Entity
Professional_Society	Isa	Entity
Professional_Society	Isa	Conceptual_Entity
Professional_Society	Isa	Entity
Professional_or_Occupational_Group	Isa	Entity
Professional_or_Occupational_Group	Isa	Conceptual_Entity
Professional_or_Occupational_Group	Isa	Entity
Qualitative_Concept	Isa	Entity
Qualitative_Concept	Isa	Conceptual_Entity
Qualitative_Concept	Isa	Entity
Quantitative_Concept	Isa	Entity
Quantitative_Concept	Isa	Conceptual_Entity
Quantitative_Concept	Isa	Entity
Receptor	Isa	Chemical
Receptor	Isa	Chemical_Viewed_Functionally
Receptor	Isa	Physical_Object
Receptor	Isa	Substance
Receptor	Isa	Entity
Receptor	Isa	Physical_Object
Receptor	Isa	Substance
Receptor	Isa	Entity
Receptor	Isa	Chemical
Receptor	Isa	Physical_Object
Receptor	Isa	Substance
Receptor	Isa	Entity
Receptor	Isa	Entity
Receptor	Isa	Physical_Object
Receptor	Isa	Entity
Regulation_or_Law	Isa	Entity
Regulation_or_Law	Isa	Conceptual_Entity
Regulation_or_Law	Isa	Entity
Reptile	Isa	Organism
Reptile	Isa	Physical_Object
Reptile	Isa	Entity
Reptile	Isa	Physical_Object
Reptile	Isa	Entity
Reptile	Isa	Entity
Reptile	Isa	Organism
Reptile	Isa	Physical_Object
Reptile	Isa	Animal
Reptile	Isa	Entity
Research_Activity	Isa	Event
Research_Activity	Isa	Activity
Research_Activity	Isa	Event
Research_Device	Isa	Physical_Object
Research_Device	Isa	Entity
Research_Device	Isa	Entity
Rickettsia_or_Chlamydia	Isa	Physical_Object
Rickettsia_or_Chlamydia	Isa	Entity
Rickettsia_or_Chlamydia	Isa	Entity
Self_help_or_Relief_Organization	Isa	Entity
Self_help_or_Relief_Organization	Isa	Conceptual_Entity
Self_help_or_Relief_Organization	Isa	Entity
Sign_or_Symptom	Isa	Entity
Sign_or_Symptom	Isa	Conceptual_Entity
Sign_or_Symptom	Isa	Entity
Social_Behavior	Isa	Event
Social_Behavior	Isa	Activity
Social_Behavior	Isa	Event
Spatial_Concept	Isa	Entity
Spatial_Concept	Isa	Conceptual_Entity
Spatial_Concept	Isa	Entity
Steroid	Isa	Physical_Object
Steroid	Isa	Substance
Steroid	Isa	Entity
Steroid	Isa	Chemical
Steroid	Isa	Physical_Object
Steroid	Isa	Substance
Steroid	Isa	Entity
Steroid	Isa	Organic_Chemical
Steroid	Isa	Chemical
Steroid	Isa	Physical_Object
Steroid	Isa	Substance
Steroid	Isa	Entity
Steroid	Isa	Chemical_Viewed_Structurally
Steroid	Isa	Chemical
Steroid	Isa	Physical_Object
Steroid	Isa	Substance
Steroid	Isa	Entity
Steroid	Isa	Chemical_Viewed_Structurally
Steroid	Isa	Entity
Steroid	Isa	Physical_Object
Steroid	Isa	Entity
Substance	Isa	Entity
Temporal_Concept	Isa	Entity
Temporal_Concept	Isa	Conceptual_Entity
Temporal_Concept	Isa	Entity
Therapeutic_or_Preventive_Procedure	Isa	Event
Therapeutic_or_Preventive_Procedure	Isa	Occupational_Activity
Therapeutic_or_Preventive_Procedure	Isa	Activity
Therapeutic_or_Preventive_Procedure	Isa	Event
Therapeutic_or_Preventive_Procedure	Isa	Activity
Therapeutic_or_Preventive_Procedure	Isa	Event
Tissue	Isa	Physical_Object
Tissue	Isa	Entity
Tissue	Isa	Anatomical_Structure
Tissue	Isa	Physical_Object
Tissue	Isa	Entity
Tissue	Isa	Entity
Vertebrate	Isa	Organism
Vertebrate	Isa	Physical_Object
Vertebrate	Isa	Entity
Vertebrate	Isa	Physical_Object
Vertebrate	Isa	Entity
Vertebrate	Isa	Entity
Virus	Isa	Physical_Object
Virus	Isa	Entity
Virus	Isa	Entity
Vitamin	Isa	Chemical
Vitamin	Isa	Chemical_Viewed_Functionally
Vitamin	Isa	Physical_Object
Vitamin	Isa	Substance
Vitamin	Isa	Entity
Vitamin	Isa	Physical_Object
Vitamin	Isa	Substance
Vitamin	Isa	Entity
Vitamin	Isa	Chemical
Vitamin	Isa	Physical_Object
Vitamin	Isa	Substance
Vitamin	Isa	Entity
Vitamin	Isa	Entity
Vitamin	Isa	Physical_Object
Vitamin	Isa	Entity
