Person11	term15	Person78
Person11	term15	Person72
Person11	term15	Person87
Person11	term15	Person69
Person11	term15	Person81
Person11	term15	Person71
Person68	term15	Person78
Person68	term15	Person72
Person68	term15	Person87
Person68	term15	Person69
Person68	term15	Person81
Person68	term15	Person102
Person68	term15	Person71
Person64	term15	Person87
Person64	term15	Person69
Person64	term15	Person102
Person64	term15	Person71
Person12	term15	Person103
Person12	term15	Person103
Person12	term15	Person60
Person12	term15	Person100
Person12	term15	Person103
Person12	term15	Person89
Person7	term15	Person70
Person7	term15	Person64
Person7	term15	Person91
Person7	term15	Person99
Person7	term15	Person92
Person7	term15	Person75
Person7	term15	Person94
Person7	term15	Person95
Person7	term15	Person70
Person7	term15	Person91
Person7	term15	Person99
Person7	term15	Person92
Person7	term15	Person75
Person7	term15	Person94
Person7	term15	Person95
Person7	term15	Person70
Person7	term15	Person92
Person7	term15	Person75
Person7	term15	Person95
Person7	term15	Person70
Person7	term15	Person91
Person7	term15	Person99
Person7	term15	Person92
Person7	term15	Person75
Person7	term15	Person94
Person7	term15	Person95
Person7	term15	Person70
Person7	term15	Person91
Person7	term15	Person99
Person7	term15	Person92
Person7	term15	Person94
Person7	term15	Person65
Person7	term15	Person95
Person7	term15	Person70
Person7	term15	Person92
Person7	term15	Person75
Person7	term15	Person95
Person7	term15	Person70
Person7	term15	Person91
Person7	term15	Person99
Person7	term15	Person92
Person7	term15	Person75
Person7	term15	Person94
Person7	term15	Person95
Person7	term15	Person68
Person7	term15	Person64
Person7	term15	Person79
Person7	term15	Person76
Person7	term15	Person70
Person7	term15	Person91
Person7	term15	Person99
Person7	term15	Person92
Person7	term15	Person94
Person7	term15	Person65
Person7	term15	Person95
Person7	term15	Person70
Person7	term15	Person91
Person7	term15	Person99
Person7	term15	Person92
Person7	term15	Person75
Person7	term15	Person94
Person7	term15	Person65
Person7	term15	Person95
Person85	term15	Person88
Person85	term15	Person93
Person4	term15	Person97
Person4	term15	Person100
Person4	term15	Person103
Person4	term15	Person89
Person4	term15	Person97
Person4	term15	Person100
Person4	term15	Person103
Person4	term15	Person89
Person10	term15	Person70
Person10	term15	Person64
Person10	term15	Person91
Person10	term15	Person99
Person10	term15	Person92
Person10	term15	Person75
Person10	term15	Person94
Person10	term15	Person95
Person10	term15	Person70
Person10	term15	Person91
Person10	term15	Person99
Person10	term15	Person92
Person10	term15	Person75
Person10	term15	Person94
Person10	term15	Person95
Person10	term15	Person70
Person10	term15	Person92
Person10	term15	Person75
Person10	term15	Person95
Person10	term15	Person70
Person10	term15	Person91
Person10	term15	Person99
Person10	term15	Person92
Person10	term15	Person75
Person10	term15	Person94
Person10	term15	Person95
Person10	term15	Person70
Person10	term15	Person91
Person10	term15	Person99
Person10	term15	Person92
Person10	term15	Person94
Person10	term15	Person65
Person10	term15	Person95
Person10	term15	Person70
Person10	term15	Person92
Person10	term15	Person75
Person10	term15	Person95
Person10	term15	Person70
Person10	term15	Person91
Person10	term15	Person99
Person10	term15	Person92
Person10	term15	Person75
Person10	term15	Person94
Person10	term15	Person95
Person10	term15	Person68
Person10	term15	Person64
Person10	term15	Person79
Person10	term15	Person76
Person10	term15	Person70
Person10	term15	Person91
Person10	term15	Person99
Person10	term15	Person92
Person10	term15	Person94
Person10	term15	Person65
Person10	term15	Person95
Person10	term15	Person70
Person10	term15	Person91
Person10	term15	Person99
Person10	term15	Person92
Person10	term15	Person75
Person10	term15	Person94
Person10	term15	Person65
Person10	term15	Person95
Person59	term15	Person88
Person59	term15	Person93
Person59	term15	Person88
Person59	term15	Person93
Person58	term15	Person70
Person58	term15	Person91
Person58	term15	Person99
Person58	term15	Person92
Person58	term15	Person75
Person58	term15	Person94
Person58	term15	Person95
Person58	term15	Person70
Person58	term15	Person91
Person58	term15	Person99
Person58	term15	Person92
Person58	term15	Person75
Person58	term15	Person94
Person58	term15	Person95
Person58	term15	Person70
Person58	term15	Person91
Person58	term15	Person99
Person58	term15	Person92
Person58	term15	Person75
Person58	term15	Person94
Person58	term15	Person95
Person58	term15	Person70
Person58	term15	Person91
Person58	term15	Person99
Person58	term15	Person92
Person58	term15	Person94
Person58	term15	Person65
Person58	term15	Person95
Person58	term15	Person70
Person58	term15	Person91
Person58	term15	Person99
Person58	term15	Person92
Person58	term15	Person75
Person58	term15	Person94
Person58	term15	Person95
Person58	term15	Person70
Person58	term15	Person91
Person58	term15	Person99
Person58	term15	Person92
Person58	term15	Person94
Person58	term15	Person65
Person58	term15	Person95
Person58	term15	Person70
Person58	term15	Person91
Person58	term15	Person99
Person58	term15	Person92
Person58	term15	Person75
Person58	term15	Person94
Person58	term15	Person65
Person58	term15	Person95
Person2	term15	Person103
Person2	term15	Person88
Person2	term15	Person93
Person2	term15	Person103
Person2	term15	Person103
Person54	term15	Person78
Person54	term15	Person72
Person54	term15	Person66
Person54	term15	Person87
Person54	term15	Person69
Person54	term15	Person84
Person54	term15	Person81
Person54	term15	Person74
Person54	term15	Person102
Person54	term15	Person71
Person54	term15	Person78
Person54	term15	Person72
Person54	term15	Person87
Person54	term15	Person69
Person54	term15	Person81
Person54	term15	Person102
Person54	term15	Person71
Person54	term15	Person78
Person54	term15	Person72
Person54	term15	Person87
Person54	term15	Person69
Person54	term15	Person81
Person54	term15	Person71
Person54	term15	Person78
Person54	term15	Person72
Person54	term15	Person66
Person54	term15	Person87
Person54	term15	Person69
Person54	term15	Person81
Person54	term15	Person96
Person54	term15	Person102
Person54	term15	Person71
Person54	term15	Person78
Person54	term15	Person72
Person54	term15	Person66
Person54	term15	Person87
Person54	term15	Person69
Person54	term15	Person84
Person54	term15	Person81
Person54	term15	Person102
Person54	term15	Person71
Person54	term15	Person78
Person54	term15	Person72
Person54	term15	Person87
Person54	term15	Person69
Person54	term15	Person81
Person54	term15	Person102
Person54	term15	Person71
Person54	term15	Person78
Person54	term15	Person72
Person54	term15	Person66
Person54	term15	Person69
Person54	term15	Person81
Person54	term15	Person102
Person54	term15	Person71
Person63	term15	Person88
Person63	term15	Person93
Person5	term15	Person70
Person5	term15	Person91
Person5	term15	Person99
Person5	term15	Person92
Person5	term15	Person75
Person5	term15	Person94
Person5	term15	Person95
Person5	term15	Person70
Person5	term15	Person91
Person5	term15	Person99
Person5	term15	Person92
Person5	term15	Person75
Person5	term15	Person94
Person5	term15	Person95
Person5	term15	Person70
Person5	term15	Person91
Person5	term15	Person99
Person5	term15	Person92
Person5	term15	Person75
Person5	term15	Person94
Person5	term15	Person95
Person5	term15	Person70
Person5	term15	Person91
Person5	term15	Person99
Person5	term15	Person92
Person5	term15	Person94
Person5	term15	Person65
Person5	term15	Person95
Person5	term15	Person70
Person5	term15	Person91
Person5	term15	Person99
Person5	term15	Person92
Person5	term15	Person75
Person5	term15	Person94
Person5	term15	Person95
Person5	term15	Person70
Person5	term15	Person91
Person5	term15	Person99
Person5	term15	Person92
Person5	term15	Person94
Person5	term15	Person65
Person5	term15	Person95
Person5	term15	Person70
Person5	term15	Person91
Person5	term15	Person99
Person5	term15	Person92
Person5	term15	Person75
Person5	term15	Person94
Person5	term15	Person65
Person5	term15	Person95
Person0	term15	Person70
Person0	term15	Person64
Person0	term15	Person91
Person0	term15	Person99
Person0	term15	Person92
Person0	term15	Person75
Person0	term15	Person94
Person0	term15	Person95
Person0	term15	Person70
Person0	term15	Person91
Person0	term15	Person99
Person0	term15	Person92
Person0	term15	Person75
Person0	term15	Person94
Person0	term15	Person95
Person0	term15	Person70
Person0	term15	Person92
Person0	term15	Person75
Person0	term15	Person95
Person0	term15	Person70
Person0	term15	Person91
Person0	term15	Person99
Person0	term15	Person92
Person0	term15	Person75
Person0	term15	Person94
Person0	term15	Person95
Person0	term15	Person70
Person0	term15	Person91
Person0	term15	Person99
Person0	term15	Person92
Person0	term15	Person94
Person0	term15	Person65
Person0	term15	Person95
Person0	term15	Person70
Person0	term15	Person92
Person0	term15	Person75
Person0	term15	Person95
Person0	term15	Person70
Person0	term15	Person91
Person0	term15	Person99
Person0	term15	Person92
Person0	term15	Person75
Person0	term15	Person94
Person0	term15	Person95
Person0	term15	Person68
Person0	term15	Person64
Person0	term15	Person79
Person0	term15	Person76
Person0	term15	Person70
Person0	term15	Person91
Person0	term15	Person99
Person0	term15	Person92
Person0	term15	Person94
Person0	term15	Person65
Person0	term15	Person95
Person0	term15	Person70
Person0	term15	Person91
Person0	term15	Person99
Person0	term15	Person92
Person0	term15	Person75
Person0	term15	Person94
Person0	term15	Person65
Person0	term15	Person95
Person53	term15	Person86
Person53	term15	Person73
Person53	term15	Person86
Person53	term15	Person73
Person77	term15	Person88
Person77	term15	Person93
Person1	term15	Person70
Person1	term15	Person64
Person1	term15	Person91
Person1	term15	Person99
Person1	term15	Person92
Person1	term15	Person75
Person1	term15	Person94
Person1	term15	Person95
Person1	term15	Person70
Person1	term15	Person91
Person1	term15	Person99
Person1	term15	Person92
Person1	term15	Person75
Person1	term15	Person94
Person1	term15	Person95
Person1	term15	Person70
Person1	term15	Person91
Person1	term15	Person99
Person1	term15	Person92
Person1	term15	Person75
Person1	term15	Person94
Person1	term15	Person95
Person1	term15	Person70
Person1	term15	Person91
Person1	term15	Person99
Person1	term15	Person92
Person1	term15	Person75
Person1	term15	Person94
Person1	term15	Person95
Person1	term15	Person70
Person1	term15	Person91
Person1	term15	Person99
Person1	term15	Person92
Person1	term15	Person94
Person1	term15	Person65
Person1	term15	Person95
Person1	term15	Person70
Person1	term15	Person91
Person1	term15	Person99
Person1	term15	Person92
Person1	term15	Person75
Person1	term15	Person94
Person1	term15	Person65
Person1	term15	Person95
Person19	term15	Person70
Person19	term15	Person91
Person19	term15	Person99
Person19	term15	Person92
Person19	term15	Person75
Person19	term15	Person94
Person19	term15	Person95
Person19	term15	Person70
Person19	term15	Person91
Person19	term15	Person99
Person19	term15	Person92
Person19	term15	Person75
Person19	term15	Person94
Person19	term15	Person95
Person19	term15	Person70
Person19	term15	Person91
Person19	term15	Person99
Person19	term15	Person92
Person19	term15	Person75
Person19	term15	Person94
Person19	term15	Person95
Person19	term15	Person70
Person19	term15	Person91
Person19	term15	Person99
Person19	term15	Person92
Person19	term15	Person94
Person19	term15	Person65
Person19	term15	Person95
Person19	term15	Person70
Person19	term15	Person91
Person19	term15	Person99
Person19	term15	Person92
Person19	term15	Person75
Person19	term15	Person94
Person19	term15	Person95
Person19	term15	Person70
Person19	term15	Person91
Person19	term15	Person99
Person19	term15	Person92
Person19	term15	Person94
Person19	term15	Person65
Person19	term15	Person95
Person19	term15	Person70
Person19	term15	Person91
Person19	term15	Person99
Person19	term15	Person92
Person19	term15	Person75
Person19	term15	Person94
Person19	term15	Person65
Person19	term15	Person95
Person57	term15	Person70
Person57	term15	Person91
Person57	term15	Person99
Person57	term15	Person92
Person57	term15	Person75
Person57	term15	Person94
Person57	term15	Person95
Person57	term15	Person70
Person57	term15	Person91
Person57	term15	Person99
Person57	term15	Person92
Person57	term15	Person75
Person57	term15	Person94
Person57	term15	Person95
Person57	term15	Person70
Person57	term15	Person91
Person57	term15	Person99
Person57	term15	Person92
Person57	term15	Person75
Person57	term15	Person94
Person57	term15	Person95
Person57	term15	Person70
Person57	term15	Person91
Person57	term15	Person99
Person57	term15	Person92
Person57	term15	Person94
Person57	term15	Person65
Person57	term15	Person95
Person57	term15	Person70
Person57	term15	Person91
Person57	term15	Person99
Person57	term15	Person92
Person57	term15	Person75
Person57	term15	Person94
Person57	term15	Person95
Person57	term15	Person70
Person57	term15	Person91
Person57	term15	Person99
Person57	term15	Person92
Person57	term15	Person94
Person57	term15	Person65
Person57	term15	Person95
Person57	term15	Person70
Person57	term15	Person91
Person57	term15	Person99
Person57	term15	Person92
Person57	term15	Person75
Person57	term15	Person94
Person57	term15	Person65
Person57	term15	Person95
Person8	term15	Person97
Person8	term15	Person100
Person8	term15	Person89
Person8	term15	Person97
Person8	term15	Person100
Person8	term15	Person89
Person79	term15	Person78
Person79	term15	Person72
Person79	term15	Person87
Person79	term15	Person69
Person79	term15	Person81
Person79	term15	Person102
Person79	term15	Person71
Person15	term15	Person97
Person15	term15	Person100
Person15	term15	Person89
Person15	term15	Person97
Person15	term15	Person100
Person15	term15	Person89
Person62	term15	Person86
Person62	term15	Person73
Person62	term15	Person90
Person62	term15	Person101
Person62	term15	Person86
Person62	term15	Person90
Person62	term15	Person101
Person62	term15	Person73
Person76	term15	Person78
Person76	term15	Person72
Person76	term15	Person87
Person76	term15	Person69
Person76	term15	Person81
Person76	term15	Person102
Person76	term15	Person71
Person86	term15	Person88
Person86	term15	Person93
Person86	term15	Person88
Person86	term15	Person93
Person52	term15	Person70
Person52	term15	Person91
Person52	term15	Person99
Person52	term15	Person92
Person52	term15	Person75
Person52	term15	Person94
Person52	term15	Person95
Person52	term15	Person70
Person52	term15	Person91
Person52	term15	Person99
Person52	term15	Person92
Person52	term15	Person75
Person52	term15	Person94
Person52	term15	Person95
Person52	term15	Person70
Person52	term15	Person91
Person52	term15	Person99
Person52	term15	Person92
Person52	term15	Person75
Person52	term15	Person94
Person52	term15	Person95
Person52	term15	Person70
Person52	term15	Person91
Person52	term15	Person99
Person52	term15	Person92
Person52	term15	Person94
Person52	term15	Person65
Person52	term15	Person95
Person52	term15	Person70
Person52	term15	Person91
Person52	term15	Person99
Person52	term15	Person92
Person52	term15	Person75
Person52	term15	Person94
Person52	term15	Person95
Person52	term15	Person70
Person52	term15	Person91
Person52	term15	Person99
Person52	term15	Person92
Person52	term15	Person94
Person52	term15	Person65
Person52	term15	Person95
Person52	term15	Person70
Person52	term15	Person91
Person52	term15	Person99
Person52	term15	Person92
Person52	term15	Person75
Person52	term15	Person94
Person52	term15	Person65
Person52	term15	Person95
Person73	term15	Person88
Person73	term15	Person93
Person73	term15	Person88
Person73	term15	Person93
Person51	term15	Person70
Person51	term15	Person91
Person51	term15	Person99
Person51	term15	Person92
Person51	term15	Person75
Person51	term15	Person94
Person51	term15	Person95
Person51	term15	Person70
Person51	term15	Person91
Person51	term15	Person99
Person51	term15	Person92
Person51	term15	Person75
Person51	term15	Person94
Person51	term15	Person95
Person51	term15	Person70
Person51	term15	Person92
Person51	term15	Person75
Person51	term15	Person95
Person51	term15	Person70
Person51	term15	Person91
Person51	term15	Person99
Person51	term15	Person92
Person51	term15	Person75
Person51	term15	Person94
Person51	term15	Person95
Person51	term15	Person70
Person51	term15	Person91
Person51	term15	Person99
Person51	term15	Person92
Person51	term15	Person94
Person51	term15	Person95
Person51	term15	Person70
Person51	term15	Person92
Person51	term15	Person75
Person51	term15	Person95
Person51	term15	Person70
Person51	term15	Person91
Person51	term15	Person99
Person51	term15	Person92
Person51	term15	Person75
Person51	term15	Person94
Person51	term15	Person95
Person51	term15	Person68
Person51	term15	Person79
Person51	term15	Person76
Person51	term15	Person70
Person51	term15	Person91
Person51	term15	Person99
Person51	term15	Person92
Person51	term15	Person94
Person51	term15	Person95
Person51	term15	Person70
Person51	term15	Person91
Person51	term15	Person99
Person51	term15	Person92
Person51	term15	Person75
Person51	term15	Person94
Person51	term15	Person95
